FEN_game_historic,LLM_color,LLM_model_name,Win,Stockfish_elo,Prompt_schema,LLM_temp,Parser_schema
"['rnbqkbnr/pppppppp/8/8/8/8/PPPPPPPP/RNBQKBNR w KQkq - 0 1', 'rnbqkbnr/pppppppp/8/8/8/8/PPPPPPPP/RNBQKBNR w KQkq - 0 1', 'rnbqkbnr/pppppppp/8/8/3P4/8/PPP1PPPP/RNBQKBNR b KQkq - 0 1', 'rnbqkb1r/pppppppp/5n2/8/3P4/8/PPP1PPPP/RNBQKBNR w KQkq - 1 2', 'rnbqkb1r/pppppppp/5n2/8/2PP4/8/PP2PPPP/RNBQKBNR b KQkq - 0 2', 'rnbqkb1r/pppp1ppp/5n2/4p3/2PP4/8/PP2PPPP/RNBQKBNR w KQkq - 0 3', 'rnbqkb1r/pppp1ppp/5n2/4p3/2PP4/2N5/PP2PPPP/R1BQKBNR b KQkq - 1 3', 'rnbqk2r/pppp1ppp/3b1n2/4p3/2PP4/2N5/PP2PPPP/R1BQKBNR w KQkq - 2 4', 'rnbqk2r/pppp1ppp/3b1n2/2P1p3/3P4/2N5/PP2PPPP/R1BQKBNR b KQkq - 0 4', 'rnbqk2r/pppp1ppp/5n2/2b1p3/3P4/2N5/PP2PPPP/R1BQKBNR w KQkq - 0 5', 'rnbqk2r/pppp1ppp/5n2/2P1p3/8/2N5/PP2PPPP/R1BQKBNR b KQkq - 0 5', 'r1bqk2r/pppp1ppp/2n2n2/2P1p3/8/2N5/PP2PPPP/R1BQKBNR w KQkq - 1 6', 'r1bqk2r/pppp1ppp/2n2n2/2P1p3/8/2N1P3/PP3PPP/R1BQKBNR b KQkq - 0 6', 'r1bqk1r1/pppp1ppp/2n2n2/2P1p3/8/2N1P3/PP3PPP/R1BQKBNR w KQq - 1 7', 'r1bqk1r1/pppp1ppp/2n2n2/2P1p3/4P3/2N5/PP3PPP/R1BQKBNR b KQq - 0 7', 'r1bqk1r1/pppp1ppp/2n5/2P1p2n/4P3/2N5/PP3PPP/R1BQKBNR w KQq - 1 8', 'r1bqk1r1/pppp1ppp/2n5/2P1p2n/4P3/2N5/PP2BPPP/R1BQK1NR b KQq - 2 8', 'r1bqk2r/pppp1ppp/2n5/2P1p2n/4P3/2N5/PP2BPPP/R1BQK1NR w KQq - 3 9', 'r1bqk2r/pppp1ppp/2n5/2PNp2n/4P3/8/PP2BPPP/R1BQK1NR b KQq - 4 9', 'r1b1k2r/pppp1ppp/2n2q2/2PNp2n/4P3/8/PP2BPPP/R1BQK1NR w KQq - 5 10', 'r1b1k2r/pppp1ppp/2n2q2/2PNp2n/4P2P/8/PP2BPP1/R1BQK1NR b KQq - 0 10', 'r1bnk2r/pppp1ppp/5q2/2PNp2n/4P2P/8/PP2BPP1/R1BQK1NR w KQq - 1 11', 'r1bnk2r/pppp1ppp/5q2/2PNp2n/4P2P/4B3/PP2BPP1/R2QK1NR b KQq - 2 11', 'r1bnk2r/ppppqppp/8/2PNp2n/4P2P/4B3/PP2BPP1/R2QK1NR w KQq - 3 12', 'r1bnk2r/ppppqppp/8/2PNp1Bn/4P2P/8/PP2BPP1/R2QK1NR b KQq - 4 12', 'r1bnkq1r/pppp1ppp/8/2PNp1Bn/4P2P/8/PP2BPP1/R2QK1NR w KQq - 5 13']",Black,llama3.1:8b,White,400,"input_variables=['format_instructions', 'legal_moves', 'movement_history', 'viz'] messages=[SystemMessagePromptTemplate(prompt=PromptTemplate(input_variables=['legal_moves'], template=""Tu es un grand maitre d'echec et j'ai besoin d'un conseil pour mon coup à jouer, je joue les pieces noires.\n             Voici une liste des coups que j'envisage de jouer [{legal_moves}]"")), HumanMessagePromptTemplate(prompt=PromptTemplate(input_variables=['format_instructions', 'movement_history', 'viz'], template='\n        \n{format_instructions}\n\n        [Event ""Chess Tournament""]\n        [Site ""Paris, FR""]\n        [Date ""2024.12.08""]\n        [Round ""5""]\n        [White ""Magnus""]\n        [Black ""LLM""]\n        [Result ""1-0""]\n        [WhiteElo ""2885""]\n        [BlackElo ""2812""]\n\n        {movement_history}\n        \n        Pour te repèrer voici à les coordonnée d\'un jeu d\'échec.\n          a b c d e f g h\n\n        8 . . . . . . . .\n\n        7 . . . . . . . .\n\n        6 . . . . . . . .\n\n        5 . . . . . . . .\n\n        4 . . . . . . . .\n\n        3 . . . . . . . .\n\n        2 . . . . . . . .\n\n        1 . . . . . . . .\n\n        \n        Le plateau de jeu ressemble actuellement à ça:\n        \n{viz}\n\n        Pour context, les lettres minuscule [k, q, b, n, r, p] représentent les noirs ; les lettres majuscules [K, Q, B, N, R, P] représentent les blancs. \n        '))]",0.1,"The output should be formatted as a JSON instance that conforms to the JSON schema below.

As an example, for the schema {""properties"": {""foo"": {""title"": ""Foo"", ""description"": ""a list of strings"", ""type"": ""array"", ""items"": {""type"": ""string""}}}, ""required"": [""foo""]}
the object {""foo"": [""bar"", ""baz""]} is a well-formatted instance of the schema. The object {""properties"": {""foo"": [""bar"", ""baz""]}} is not well-formatted.

Here is the output schema:
```
{""$defs"": {""ChessMove"": {""properties"": {""move"": {""description"": ""Coup d'échec au format case de départ case de fin."", ""title"": ""Move"", ""type"": ""string""}, ""explanation"": {""description"": ""Explication complète du mouvement, y compris le raisonnement stratégique, les considérations tactiques et les résultats potentiels."", ""title"": ""Explanation"", ""type"": ""string""}}, ""required"": [""move"", ""explanation""], ""title"": ""ChessMove"", ""type"": ""object""}}, ""properties"": {""candidate_moves"": {""description"": ""List of 5 legal candidate moves to play this turn, chosen from the list. Each move should be presented in the format start square end square (e.g., e2e4) without using dashes, along with a detailed explanation."", ""items"": {""$ref"": ""#/$defs/ChessMove""}, ""title"": ""Candidate Moves"", ""type"": ""array""}, ""best_move"": {""description"": ""Coup à jouer au format uci"", ""items"": {""$ref"": ""#/$defs/ChessMove""}, ""title"": ""Best Move"", ""type"": ""array""}}, ""required"": [""candidate_moves"", ""best_move""]}
```"
